id,text
1,"The universe, a vast expanse of wonder and mystery, holds billions of galaxies, each with countless stars and planets. Its cosmic dance of gravity and light shapes the fabric of reality, unveiling celestial phenomena beyond comprehension. From the blazing birth of stars to the silent drift of dark matter, it whispers tales of boundless beauty and unfathomable depths. Amidst the cosmic symphony, we find ourselves mere specks in the grand design, yet connected to the cosmos in ways both profound and poetic. In its infinite expanse, the universe beckons us to explore, to dream, and to marvel at its majesty. "
2,"Ninjas, revered for their stealth and mastery, epitomize the art of war. Their enigmatic presence and agile prowess make them formidable adversaries. Trained in the shadows, they execute missions with precision and silence. Clad in black, they blend seamlessly with the night, striking swiftly and vanishing without a trace. Their ancient techniques of espionage, sabotage, and combat remain a mystery to many. Yet, their legacy endures, symbolizing resilience, discipline, and indomitable spirit. In history's tapestry, ninjas stand as guardians of secrets and legends, eternally shrouded in mystery and intrigue."
3,"Saturn, the majestic gas giant adorned with its iconic rings, captivates astronomers and dreamers alike. Its swirling bands of gas and dust create a celestial spectacle unmatched in the solar system. Beneath its shimmering facade lies a world of immense beauty and intrigue, with icy moons like Titan harboring secrets of potential life. Saturn's rings, composed of countless icy particles, inspire wonder and fascination, reflecting sunlight in a dazzling display of cosmic splendor. As spacecraft like Cassini delve into its depths, Saturn continues to unveil its mysteries, inviting humanity to gaze upon its celestial elegance with awe and reverence. "
4,"Steve Jobs, a visionary entrepreneur, co-founded Apple Inc., revolutionizing the tech industry with products like the iPhone and Macintosh. His relentless pursuit of innovation and perfection reshaped the way we communicate, work, and live. Despite setbacks, he remained steadfast in his commitment to excellence, inspiring millions with his creativity and passion. Jobs' legacy transcends his contributions to technology; he epitomizes the power of daring to dream and challenging the status quo. His enduring influence continues to shape the world, cementing his place as one of the most influential figures of the modern era."
5,"The Eiffel Tower, an iconic symbol of Paris, stands tall as a testament to architectural brilliance and cultural heritage. Designed by Gustave Eiffel, this wrought iron masterpiece was completed in 1889 and has since mesmerized millions with its majestic presence. Offering panoramic views of the city, it serves as a beacon of romance and inspiration. Whether admired during the day or illuminated at night, the Eiffel Tower continues to captivate hearts worldwide, embodying the spirit of France and serving as a timeless symbol of human ingenuity."
6,"""Jiraiya: The iconic tokusatsu series from the 1980s, follows the adventures of Toha Yamaji, a ninja warrior battling the evil sorcerer Satan Gorth. With his ninja skills and transforming abilities, Jiraiya fights to protect humanity from Gorth's dark ambitions. Combining martial arts, special effects, and thrilling storytelling, Jiraiya remains a beloved classic in the tokusatsu genre, inspiring generations of fans worldwide."""
7,"""Naruto, created by Masashi Kishimoto, is an iconic Japanese manga and anime series that follows the journey of Naruto Uzumaki, a young ninja with dreams of becoming the strongest ninja and leader of his village. Fueled by determination and a desire for recognition, Naruto overcomes numerous challenges, forms deep bonds with friends, and ultimately fulfills his destiny as the Seventh Hokage. With its compelling narrative, dynamic characters, and themes of friendship, perseverance, and redemption, Naruto continues to captivate audiences worldwide, leaving an enduring legacy in the realm of anime and manga."""
8,"Mars, the enigmatic red planet, beckons humanity with its tantalizing mysteries. Its rust-colored terrain hides secrets of ancient rivers and vanished oceans, hinting at a past ripe with potential for life. Polar ice caps guard against the barren landscape, while dust storms rage across its surface, shaping the Martian landscape over eons. Curiosity and Perseverance roam its rocky plains, seeking answers to questions. Dreams of colonization dance amidst the stars, fueled by the hope of one day treading Martian soil. In the silent expanse of universe, Mars stands as a testament to human ingenuity and our unyielding spirit of exploration. "
9,"Albert Einstein, a revolutionary physicist, reshaped our understanding of the universe with his groundbreaking theories. His theory of relativity fundamentally altered concepts of space and time, while his work on the photoelectric effect laid the foundation for quantum theory. Einstein's brilliance wasn't confined to academia; he also advocated for peace, justice, and human rights. His legacy endures as a beacon of scientific inquiry and humanitarian values, inspiring generations to push the boundaries of knowledge and strive for a better world."
10,"In the surge of societal upheaval, a fervent revolution swept through, altering the fabric of tradition. A seismic shift in the collective consciousness ignited a revolution, heralding a new dawn. Boundaries blurred, conventions shattered, as the pulse of revolution echoed in every heartbeat. It was not merely a rebellion; it was a revolution, an evolution, an uprising of dreams and aspirations long suppressed. Through the crucible of unrest, emerged a tableau of revolution, where voices once stifled found resonance. Thus, history inscribed a chapter, not of turmoil, but of revolution—a testament to the indomitable spirit of human endeavor."
11,"University is the crucible of knowledge, igniting minds and forging futures. It's a nexus of diverse ideas, incubating innovation and leadership. Within its halls, students embark on a quest for understanding, guided by mentors. It's a hub of collaboration, where research propels progress. Universities cultivate critical thinking, preparing graduates for global challenges. Here, lifelong connections are formed, and passions ignited. Beyond education, it's a transformative journey shaping destinies. "
12,"In Paris, iconic landmarks like the Eiffel Tower and the Louvre Museum enthrall visitors. The Notre-Dame Cathedral's Gothic grandeur, the Arc de Triomphe's majesty, and the charming streets of Montmartre captivate. Along the Champs-Élysées, luxury shops and cafes lead to Place de la Concorde's splendor. Beyond the city, the Palace of Versailles exudes opulence. Paris is a tapestry of history and beauty, inviting exploration at every corner."
13,"Masashi Kishimoto, the visionary architect behind Naruto's realm, intricately crafted a saga where ninjas navigate complex narratives. With adept storytelling, he forged a global epic, etching indelible characters. Themes of camaraderie, resilience, and renewal pulse through his narrative veins, captivating diverse readerships. Through meticulous strokes, Kishimoto painted a vivid tapestry of ninja lore, ensnaring millions. His legacy transcends pages, urging generations to embrace their inner ninja ethos, resonating far beyond the confines of fiction."
14,"Japan, a land of contrasts, seamlessly blends tradition and modernity. Tokyo, a bustling metropolis, pulsates with neon lights and futuristic skyscrapers, juxtaposed with serene temples and gardens. Kyoto's ancient streets whisper tales of samurai and geisha, while Mount Fuji's majestic silhouette graces the horizon. The bullet trains whisk passengers across the country's verdant landscapes to historic cities like Hiroshima, where poignant memorials stand as reminders of the past. Japanese cuisine delights with its delicate flavors and artistic presentation, from sushi to steaming bowls of ramen. In Japan, every moment is an exquisite harmony of the old and the new."
15,"The solar system, a celestial symphony swirling around the Sun, boasts eight planets, moons, asteroids, and comets. From scorching Mercury to icy Pluto, each world narrates its unique tale of formation and evolution. Gas giants like Jupiter and Saturn flaunt majestic rings and tempestuous storms, while rocky planets, including Earth, nurture life's delicate balance. Beyond Neptune lies the Kuiper Belt, home to icy bodies and dwarf planets. In this cosmic waltz, the solar system unfolds the wonders of our universe, igniting awe and exploration for generations."